asin,title
B01H1V7WQU,LAURA GELLER NEW YORK Award-Winning Baked Balance-n-Brighten Color Correcting Powder Foundation - Light - Buildable Light to Medium Coverage - Demi-Matte Natural Finish
B008C13146,"Maybelline Dream Fresh Skin Hydrating BB cream, 8-in-1 Skin Perfecting Beauty Balm with Broad Spectrum SPF 30, Sheer Tint Coverage, Oil-Free, Light/Medium, 1 Fl Oz"
B0BD4MMFVM,"GAOY 16ml 2 Pcs Glassy Gel Top Coat and Base Coat Set,No Wipe Foundation Combination for UV Light Cure Nail Polish"
B0G1T61T7X,Prime Prometics Color Changing Foundation for Mature Women – Instantly Adapts to Your Skin Tone – Buildable Light-to-Medium Coverage – 12-Hour Wear – Natural Dewy Finish – Hypoallergenic
B0G1VBDXYF,Luxe Color Changing Foundation for Women – Instantly Adapts to Your Skin Tone – Buildable Light-to-Medium Coverage – 12-Hour Wear – Natural Dewy Finish - Medium
B0DJ8Z98MY,Blanc Cover Cream Stick V White - Korean Color-Changing Foundation Stick with Volufiline - Medium to Full Coverage Dewy Finish Base Makeup - Dual-Ended with Detachable Brush (202 Natural)
B01ACPW2QC,"COVERGIRL & Olay Simply Ageless 3-in-1 Liquid Foundation, Matte Finish, Hyaluronic & Vitamin C Formula, 220 Creamy Natural, 1 Count"
B07CF7BVZK,Westmore Beauty Body Coverage Perfector – Waterproof Leg & Body Makeup/Bronzer For Women - Best Tattoo Cover Up Makeup & Tattoo Concealer - 3.5 Oz Natural Radiance
B00JZ4V6V4,"e.l.f. Poreless Face Primer, Skin-Smoothing Matte Makeup Base, Minimizes Pores & Fine Lines, Long-Lasting Foundation Primer with Tea Tree & Vitamins A & E, Vegan & Cruelty-Free"
B00L2SNFPQ,"L'Oréal Paris Makeup Magic Skin Beautifier BB Cream Tinted Moisturizer, Anti-Redness, 1 fl oz, 1 Count"
B0080G8Q2U,"bareMinerals Original Loose Powder Foundation SPF 15, Clean Mineral Powder Face Makeup, Sheer-to-Full Coverage, Talc-Free, Non-Comedogenic, Vegan, Cruelty-Free & Dermatologist-Tested"
B0BCGZMTSY,"L'Oreal Paris True Match Super-Blendable Foundation, Medium Coverage Liquid Foundation Makeup, N3, Light Medium, 1 Fl Oz"
B01BRD1TPI,LAURA GELLER NEW YORK Baked Double Take Powder Foundation - Fair - Buildable Medium to Full Coverage - Matte Finish
B0DPQJRX8N,"Foundation 4 in 1 - Color Changing Foundation, Medium Spectrum with SPF 50, Hypoallergenic Hydrating Liquid Concealer, Long-lasting & Waterproof Natural Finish - 1.06 fl oz"
B0B6Q7DZ8P,Jerome Alexander MagicMinerals AirBrush Foundation – 2 Piece Set with Airbrush Foundation and Kabuki Brush - Spray Makeup with Anti-aging Ingredients for Smooth Radiant Skin - Light Medium
B01LMMZY6O,"IT Cosmetics CC+ Cream - Natural Full Coverage Foundation With SPF 50+, Color Corrector & Anti-Aging Hydrating Serum, Hyaluronic Acid + Peptides, Lightweight Up To 24H Wear, All Skin Types"
B0DCHM66GS,"Jerome Alexander My Color Self-Adjusting Foundation, Hydrating & Lightweight Face Makeup, Skincare-Infused, with Kabuki Brush, Medium, 1 oz"
B0FY3Z6S7F,"LUMINESS Liquid Mirage w/SPF 50 Color Adjusting Foundation Kit - Color Changing Foundation, SPF 50 Primer & Makeup Brush, Face Makeup for Mature Skin, 4in1 Liquid Foundation, Concealer & Moisturizer"
B091D8BXSQ,"L'Oreal Paris True Match Nude Hyaluronic Tinted Serum Foundation with 1% Hyaluronic acid, Light 2-3, 1 fl. oz."
B007A2Z4VQ,PÜR MINERALS 4-in-1 Pressed Mineral Makeup Powder Foundation with SPF 15 - Concealer & Finishing Compact Pressed Powder for Face - Buildable Medium to Full Coverage Foundation Powder
B00D2NUU8Y,"COVERGIRL & Olay Simply Ageless Instant Wrinkle-Defying Foundation, Creamy Natural 0.44 Fl Oz (Pack of 1)"
B00I50QVAU,"Almay Skintone Matching Foundation, Smart Shade Face Makeup with SPF 15, Hypoallergenic, Oil-Free, Dermatologist-Tested, 200 Light Medium Mine, 1 fl oz"
B0DDTB8LJM,"MISSHA M PERFECT COVER SERUM BB CREAM No.23 Natural Beige-Light/Medium with Cool/Neutral Undertone, Skin Tint, Tinted Moisturizer, Skin Care Foundation Makeup, 1.18 Fl oz"
B01LXJHM36,"L.A. Girl HD Pro.Conceal, Peach Corrector GC994"
B077SS92SG,LAURA GELLER NEW YORK Baked Balance-N-Glow Illuminating Foundation - Medium - Buildable Sheer to Light Coverage - Satin Finish
B09LCMQM44,"TIRTIR Mask Fit Red Cushion Foundation | Full coverage, Weightless, Skin fit, Satin Glow Finish, Korean Makeup BB Foundation, beauty, Tattoo cover up, Buildable (#21N Ivory, 0.63 Fl Oz)"
B0D3JFKVX1,"e.l.f. Soft Glam Foundation, Medium Coverage, Long-Lasting & Buildable Foundation For A Smooth, Satin Finish, Vegan & Cruelty-Free, 25 Light Neutral"
B01N5QC1CL,"M. Asam Magic Finish Make-Up Mousse (1.01 Fl Oz) – 4in1 Primer, Foundation, Concealer & Powder With Buildable Coverage, Hides Redness And Dark Spots, Vegan, For Light To Medium Skin Tones"
B0BZQKGZQ3,"Maybelline Super Stay Up to 24HR Skin Tint, Radiant Light-to-Medium Coverage Foundation, Makeup Infused With Vitamin C, 120, 1 Count"
B00PFCSURS,"Maybelline Fit Me Matte + Poreless Liquid Oil-Free Foundation Makeup, Natural Beige, 1 Count (Packaging May Vary)"
B0BB313T4N,"ICONIC LONDON Underglow Blurring Primer | Blurs Imperfections and Gives Skin a Radiant Glow, Cruelty-Free, Vegan Makeup Universal Shade, 0.91 Fl oz"
0310441870,"NIV, Foundation Study Bible, Leathersoft, Brown, Red Letter"
B07GV322NS,"IT Cosmetics CC+ Cream Illumination - Radiant Full Coverage Foundation With SPF 50+, Color Corrector & Hydrating Anti-Aging Serum, Hydrolyzed Collagen + Peptides, Normal to Dry Skin - 1.08 fl oz"
B0CGCNJV4P,"RŌZ Foundation Shampoo For All Hair Types & Textures | Hydrating & Cleansing For Healthy Hair| Vegan, Color-Safe, Free of Silicone, Sulfates, Paraben, SLS | Strengthens & Nourishes 10.1 oz/300 mL"
B01DPA6JXS,"L'Oreal Paris Makeup Infallible Up to 24HR Pro-Glow Foundation, Creamy Natural, 1 fl oz."
B07K6H2P7G,"Amazon Basics Smart Box Spring Bed Base, 5-Inch Height Mattress Foundation, Tool-Free Easy Assembly, Metal Support, Full, 74"" x 53"""
B0CBS77N87,"EMODA 5 Inch Box Spring Queen Size Bed Base, Heavy Duty Metal Queen Mattress Foundation with Fabric Cover, Easy Assembly, Black"
B002SPVA9K,Clinique Even Better Makeup Liquid Foundation SPF 15 With Vitamin C For Dry + Oily Combination Skin Types | Medium Coverage + Natural Finish | Evens Skin Tone + Reduces Dark Spots
B0BCCDHCZ5,"Maybelline Super Stay Up to 24HR Hybrid Powder-Foundation, Medium-to-Full Coverage Makeup, Matte Finish, 220, 1 Count"
B01M8HNHAK,"L.A. Girl Pro Coverage Liquid Foundation, White, 0.95 Fl Oz"
B0868G5TSM,"Bio Mimic Foundation Medium Spectrum by Forever Bloom, Protecting from Sun with SPF50, for Gym, Sports, Dancing"
B07BCC3NN9,"e.l.f. Mineral Infused Face Primer, Primer For A Smooth Foundation Base, Fills In Fine Lines & Refines Complexion, Vegan & Cruelty-free, Large"
B0CGCJTRGQ,"RŌZ Foundation Conditioner | For All Hair Types | Soothes, Nourishes | Hydrating Ceramides, Pea Peptides, Avocado Oil, Strengthen, Protect | Vegan, Paraben, SLS, Sulfate-Free | 10.1 oz / 300 mL"
B001268TE0,"L'Oreal Paris True Match Super Blendable Oil Free Powder Foundation, W4 Light Medium, 0.33 oz, Packaging May Vary"
B0BBFWFN42,"Tower 28 SunnyDays SPF 30 Tinted Moisturizer - 2-in-1 Buildable Coverage Foundation + Mineral Sunscreen for Face - Zinc Oxide, Aloe & Prickly Pear for Sensitive Skin - 15/Light Warm (1 oz)"
B00AOU5NVC,"Neutrogena Mineral Sheers Lightweight Loose Powder Makeup Foundation with Vitamins A, C, & E, Sheer to Medium Buildable Coverage, Skin Tone Enhancer, Face Redness Reducer, Nude 40,.19 oz"
B00757ASD0,"CoverGirl Aquasmooth SPF 20 Compact Foundation, 725 Buff Beige, 0.4 Ounce"
B0DLHD2DVC,"Maybelline Super Stay Lumi-Matte Foundation, Lightweight and Buildable Full Coverage Foundation Makeup For Up To 30HR Wear, 120, 1 Count"
B0169YYCP4,"Maybelline Fit Me Matte + Poreless Liquid Oil-Free Foundation Makeup, Cappuccino, 1 Count (Packaging May Vary)"
B0C5GTRPFQ,Summer Fridays Sheer Skin Tint - Skin Tint with Hyaluronic Acid - Helps Diminish Uneven Skin Tone - Sheer to Light Coverage - Shade 1 - Fair with Neutral Peach Undertones (1 Fl Oz)
B0D3JDKD8D,"e.l.f. Soft Glam Foundation, Medium Coverage, Long-Lasting & Buildable Foundation For A Smooth, Satin Finish, Vegan & Cruelty-Free, 50 Deep Warm"
B0DZNM6X1T,O'CHEAL Face Foundation Contour Stick Long-wear Lightweight Brighten Stick Blemish Contouring Face Concealer Beauty Makeup 04#WHEAT
B0FYH15QDB,"Maybelline Lifter Plump & Glow Foundation, Liquid Foundation with 2% Niacinamide + Hyaluronic Acid, Plumping and Brightening Face Makeup, 118, 1 Count"
B0D8NWZP83,"Air Brush Makeup Foundation,Flawless Airbrush Foundation for Older Women,Teenagers,Middle-aged and Mature Skin,Lightweight Moisturizing,Buildable Coverage for Smooth Radiant Skin (02 Beige)"
B0BG98KFMT,"Foundation Skincare UnTangled Hair Vitamins (60-day supply) - Collagen & Biotin Supplement for Women & Men, Visibly Thicker, Faster Hair Growth"
B007CKT016,"PÜR MINERALS 4-in-1 Tinted Moisturizer With SPF 20 - Hydrating Face Moisturizer, Primer, & Foundation With Shea Butter, Aloe Vera & Vitamin B3 - Vegan Friendly - Free of Paraben, Gluten & BPA"
B088KXJ6YZ,"Lancôme Renergie Lift Makeup Foundation - Lightweight & Hydrating Formula, Medium-Full Coverage, SPF 27, Anti-Aging, Lifting & Firming, Up to 12H Wear"
B0CPFXRQLK,"e.l.f. Hydrating Camo CC Cream, SPF 30, Color Correcting Full Coverage Foundation For A Dewy Finish, Vegan & Cruelty-Free, Light 205 N"
B08TQMG68Q,"e.l.f. Camo CC Cream, Color Correcting Medium-To-Full Coverage Foundation with SPF 30, Light 240 W, 1.05 Oz (30g)"
B0BNWBT2G2,"Lancôme Teint Idole Ultra Wear Natural Matte Foundation- Longwear, Medium-Full Coverage, Natural Finish, Waterproof & Hydrating Formula"
B0G2MF34WV,"Official Legacera Foundation for Mature Skin, 4-in-1 Foundation - Longwear Match, Hydrating Full Coverage, Long-Lasting & Waterproof, for all Skin Types"
B0FZQZG4GX,"Espoir NEW Be Velvet Cushion Foundation #23.5 Fair Olive | Quick and Easy Coverage with Long-lasting Color by Zero Oxidation, Velvety Smooth Finish & Lightweight Formula, Vegan, Korean Makeup, 0.46 oz"
B00435JPCM,Clinique Redness Solutions Liquid Foundation Makeup Broad Spectrum SPF 15 With Probiotic Technology For Redness-Prone Skin| Medium Coverage + Natural Finish
B0GTPFZSQD,"4-in-1 Color Changing Foundation, Long-Lasting, Waterproof, Sweat-Proof, Lightweight, Medium to Full Coverage, Natural Look for All Skin Types (1 Fl Oz (Pack of 2))"
B00HUA7UZG,"Physicians Formula Super CC+ Cream Color-Correction + Care Cream Full Coverage Foundation, Anti Aging Hydrating Serum, For Uneven Skin Tone, Dermatologist Approved, Light"
B0CY89RKGY,"CLIO Kill Cover Mesh Glow Cushion Foundation ([Refill Included] 15g*2, 23N GINGER), Glass Skin, Long-Lasting, Lightweight, Buildable Coverage, Glowy Skin Makeup"
B0DG2M6Q52,"TIRTIR Mask Fit All Cover Pink Cushion Foundation | High coverage, Velvety Matte Finish, Lightweight, Flawless, Corrects Redness, Korean Cushion (#15C Fair Porcelain, Full Size, 0.63 Fl Oz)"
B0DTV5RR8H,"COVERGIRL Clean Fresh Blurring Skin Tint with SPF 30, 420 Light/Medium Neutral, Liquid Foundation, Soft Matte Finish, Smooths, Brightens, Blurs Pores, Mineral Sunscreen, Vegan Formula"
B07SR1TJKF,"TLM Colour Changing Foundation, 2Pack Flawless Color Changing Foundation Makeup Base Moisturizing Liquid Foundation for Women, Concealer Cover, Girls SPF15, Sunscreen, Non-Greasy,Long Lasting"
B0GF7ZTK5J,"Beauty Skin Tint for Black Women, Covebalm Foundation Stick, Serum Boosted Skin Tint Balm, Tinted Moisturizer for Face (# 06)"
B0C2JM8WR2,"Ogee Sculpted Complexion Foundation Stick (Linden 1.25N Light Beige, Neutral Undertones) Full Coverage Foundation Makeup - Instantly Balance & Even Complexion - 70% Organic Ingredients"
B0FG545ZNV,Jones Road What The Foundation - Tinted Moisture Balm - Beige
B0DX7LBDZY,"No Makeup Makeup Foundation + Brush Duo, Cream-Balm Formula Conceals, Corrects and Camouflages with Skin-Tone Adaptive Flexshade Technology, Buildable, Long-Lasting, Cruelty-Free, Vegan, Light Medium"
B07WXNYTF7,"TLM Colour Changing Liquid Foundation Hides Wrinkles & Lines, BB Cream Makeup Base Concealer Cover Moisturizing Fluid for all Skin Tone SPF15, Pack of 2"
B0FLXR3PNQ,"Foundation Stick, Dual-Ended with Brush, 2-in-1 Longwear & Waterproof, Natural Full Makeup Concealer Coverage for Dark Circles & Blemishes with Hydrating Olive & Camellia, 2.09 oz (04#)"
B0GR86CS8T,"Hush Foundation for Older Women,Warm，Perfect for Light Medium Complexions,Mushroom Head Air Cushion CC Cream,BB Cream Foundation Soft and Hydrating Lightweight Lasting Full Coverage"
B07YX87N7R,"COVERGIRL Clean Fresh Nourishing Skin Tint, 550 Light/Medium, Liquid Foundation, Dewy Finish, Infused with Coconut & Aloe, Vegan Formula"
B0CB21H8ZB,Westmore Beauty Supreme Creme All-Over Complexion Perfector – Long-Lasting CC Cream Foundation - Waterproof & Transfer-Resistant Skin Tint - 3.3 Oz Medium
B0C98W8L8L,"12 Colors Cream Concealer Foundation Palette, Long-Wearing Smudge Proof Blendable Full Coverage Cream Contour Blush Highlighter Color Correcting Concealer Foundation Palette Makeup"
B09J1Y9NSK,"Neutrogena Healthy Skin Sensitive Skin Serum Foundation with Pro-Vitamin B5, Color Correcting & Pore Minimizing Liquid Foundation & Face Serum, Buildable Coverage, Light/Medium 02, 1 oz"
B00C674EKC,"COVERGIRL, Clean Matte Liquid Foundation, Creamy Natural, 1 Ounce, 1 Count (packaging may vary)"
B0DCCFXL98,"Il Makiage Woke Up Like This Flawless Liquid Foundation, Full Coverage, Matte Finish, 30 ml, Shade 035"
B0039UTUU4,"Almay Liquid Foundation, Truly Lasting Color, Long Wearing Natural Finish, Vitamin E and Lemon Extract, Hypoallergenic, Cruelty-Free, Dermatologist Tested, 220 Neutral, 1 fl oz"
B0CVBL39YL,"IT Cosmetics CC+ Cream Natural Matte - Poreless Full Coverage Foundation With SPF 40, 16HR Shine Control, Color-Corrector, Skin-Balancing Serum, Sweat-proof, Noncomedogenic for Oily Skin - 1.08 fl oz"
B005X6MLXK,Forward the Foundation
B0G2N5XKY9,"Palladio Skin Tint with Aloe, Niacinamide and Hyaluronic Acid, Sheer to Medium Coverage, Glowy Finish, Brightening and Blurring Lightweight Foundation Makeup (Light Ivory)"
B0FBX37X5K,"JUNG SAEM MOOL Essential Skin Nuder Cushion | Natural Finish, Buildable Coverage Cushion Foundation by Korean Makeup Artist (Refill Not Included, 0.49 Fl Oz), 21W Medium"
B0D9HW7KHV,"No Makeup Makeup Foundation, Weightless Cream-Balm Formula Conceals, Corrects and Camouflages with Skin-Tone Adaptive Flexshade Technology, Buildable, Long-Lasting, Cruelty-Free, Vegan, Light Medium"
B07MDG1BGT,"Black Radiance Color Perfect Foundation Stick with Soft Brush Applicator Duo – Buildable, Blendable Versatile Pigment-Rich Formula - Beautiful Bronze"
B0CBPVGGHL,"UCANBE Goth White Cream to Powder Foundation Makeup, Professional Clown White Face Body Paint with Matte Finish for Halloween, SFX Makeup, Cosplay, Costume, Stage, Mime & Film(0.52oz)"
B0CW8J1B7F,"Woke Up Like This Flawless Base Foundation – Shade 060, Natural Matte Finish, Medium Buildable Coverage, Long-Lasting Lightweight Liquid Foundation for All Skin Types – 1.0 fl oz / 30 ml"
B0DKXRJC3T,"5PCS TLM Colour Changing Foundation Makeup Set Matte Liquid Full Coverage Oil Control Breathable Invisible Cover Concealer Foundation with Face Primer, Foundation Brush, Makeup Sponge"
B000QW6SXK,"COVERGIRL Advanced Radiance Age Defying Foundation Makeup Creamy Beige, 1 oz"
B0B3RYB7ZF,The Four Foundations of Golf: How to Build a Game That Lasts a Lifetime
B0DN6T47VG,"bareMinerals Barepro Skin-Perfecting Powder Foundation, Matte Pressed Powder Foundation Full Coverage, Oil Control, Dermatologist-Tested, Longwear Mineral Matte Complexion"
B0CVB75YW4,"Clinique Acne Solutions Liquid Foundation Makeup With Salicylic Acid For Dry Combination to Oily Skin Types | Medium Coverage, Natural Matte Finish"
B004FWCJAI,"Estée Lauder Double Wear 24-Hour Maximum Cover Camouflage Foundation for Face and Body SPF 15 | Full Coverage | Tattoo Cover Up Makeup Waterproof, 1.0 Fl Oz"
B0G4LF2MTX,Foundation for Older Women | Warm - Perfectfor Light/Medium Complexions | Mushroom Head Air Cushion CC Cream - BB Cream Foundation Makeup Moisturizing Concealer Long-Lasting Full Coverage
B0GRGKJMY3,"Color Changing Foundation Stick, Dual-Ended Korean Skin Care Foundation Stick, Detachable Brush, Full to Medium Coverage Base Hydrating Makeup Portable & Travel-Friendly (Natural)"
B0B51NLJWQ,"Fièra Luxury Concealer & Foundation with Anti-Aging Ingredients - Full Coverage for Dark Circles, Wrinkles, Fine Lines, and Spots, All-Day Wear For Mature Skin - Neutral Beige, 0.5 FL. OZ. / 15 ML"
B07Z9WFWZ8,"L'Oreal Paris Age Perfect Radiant Serum Foundation with SPF 50, Rose Ivory, 1 Ounce"
B08GR5ZKVR,"L'Oreal Paris Makeup Infallible Fresh Wear Foundation in a Powder, Up to 24H Wear, Waterproof, Ivory Buff, 0.31 oz. (Packaging May Vary)"
B0BHL4CT7Z,"Almay Anti-Aging Foundation, Smart Shade Face Makeup with Hyaluronic Acid, Niacinamide, Vitamin C & E, Hypoallergenic-Fragrance Free, 200 Light Medium, 1 Fl Oz (Pack of 1)"
B004675EI6,"Maybelline Fit Me Dewy + Smooth Liquid Foundation Makeup, Classic Ivory, 1 Count (Packaging May Vary)"
B082YPXZW5,"wet n wild Photo Focus Dewy Liquid Foundation Makeup, Soft Beige (Packaging May vary)"
B0BHYZS5GH,"M. Asam Magic Care Perfect Teint (1.01 Fl Oz) - Transparent Make Up, Skin Care Face Cream And Makeup Primer. Beauty Product That Is Known To Minimize Wrinkles & Pores, With Peptide Complex & Retinol"
B0F4F26NBM,"Beauty Balm Serum Boosted Skin Tint, Foundation Stick, Tinted Moisturizer, Concealer Stick for Foundation Makeup, Full Coverage Foundation, Contour Sticks for Face Makeup, Radiant & Dewy Finish (#03)"
B00PC0ZWHO,"jane iredale PurePressed Base Mineral Foundation Refill or Refillable Compact Set| Semi Matte Pressed Powder with SPF | Talc Free, Vegan, Cruelty-Free"
B000V33OGS,"COVERGIRL Smoothers Lightweight BB Cream, Fair to Light 805, 1.35 oz (Packaging May Vary) Lightweight Hydrating 10-In-1 Skin Enhancer with SPF 21 UV Protection"
B0DPLTVV9S,"Physicians Formula Butter Glow & Go Multiuse Stick, Ultra-Creamy Radiant Finish Formula with Murumuru Butter, Vegan & Cruelty-Free- Beachy Pink"
B00U8ZNIXI,"MISSHA Magic Cushion Foundation No.23 Natural Beige for light with neutral skin tone - Flawless Coverage, Dewy Finish, Easy Application for All Skin Types"
B0CVN3S5D1,"COVERGIRL Clean Invisible Foundation Makeup, Dewy & Glowy Finish, Buildable Coverage, Skin-Like Smooth Look, Vegan, Creamy Natural, 1oz"
B0D4WYNV8S,"LAURA GELLER NEW YORK Better Than ‘Block Skincare-Infused Serum Foundation with Broad Spectrum SPF 50+, Light"
B0039UTUZE,"Revlon Liquid Foundation, ColorStay Face Makeup for Combination & Oily Skin, SPF 15, Medium-Full Coverage with Matte Finish, 220 Natural Beige, 1 Fl Oz"
B07M8SQMN3,"MISSHA M BB Boomer Primer for Face I Creamy-Soft, Illuminating Makeup Primer for Dewy Finish, Hydrating Radiant Cream, Moisturizing Makeup Base, Glass Skin, 1.35 Fl oz/40ml"
B00VQS4IPS,"IT Cosmetics CC+ Airbrush Perfecting Powder Foundation - Sheer to Full Coverage Pressed Powder, Blurring Pores & Dark Spots, Anti-Aging Face Makeup, Hydrolyzed Collagen & Niacinamide - 0.33 oz"
B00KTL2SAU,"COVERGIRL Smoothers AquaSmooth Makeup Foundation Ivory, .4 oz"
B0BM5M7YBT,"Color Changing Foundation, 2 Pack, Liquid, Moisturizing, Sunscreen, 30ml"
B09Y169ZMS,"Vita Liberata Body Blur, Leg and Body Makeup. Skin Perfecting Body Foundation for Flawless Bronze, Easy Application, Radiant Glow, Evens Skin Tone, New Packaging"
B07B4HNXJ8,"Revlon ColorStay Full Cover Longwear Matte Foundation, Heat & Sweat Resistant Lightweight Face Makeup, Buff (150), 1.0 oz"
B002XHC4I4,"Maybelline Instant Age Rewind Eraser Foundation with SPF 20 and Moisturizing ProVitamin B5, 120, 1 Count (Packaging May Vary)"
B01N9PSE0P,"Black Radiance True Complexion Creme Contour Palette, Medium to Dark, 7.5 Gram"
B00C6758AC,"COVERGIRL Outlast All-Day Ultimate Finish Foundation, Classic Ivory"
B003IF37TK,Foundation
B07HPFVH1K,"L.A. Girl PRO.color Foundation Mixing Pigment, Blue GLM714"
B001MS7HFK,"Neutrogena Healthy Skin Liquid Foundation Makeup with Broad Spectrum SPF 20 Sunscreen, Lightweight, Medium Coverage Makeup with Sunscreen and Pro-Vitamin B5, Natural Ivory 20, 1 fl. oz"
B00FBT956A,"Ruby Kisses 3D Face Creator Cream Foundation & Concealer, 12 Hours Long Lasting, Medium to Full Coverage, Non-Greasy, Ideal for Makeup & Contour Palette (Level 15)"
B07H621Q3H,"L'Oreal Paris Makeup Infallible Up to 32 Hour Fresh Wear Lightweight Foundation, 420 True Beige, 1 Fl Oz, Packaging May Vary"
B01CC0GUD6,"Milani Conceal + Perfect Liquid Foundation - Light Beige, 1 Fl. Oz. Cruelty-Free, Water-Resistant, Oil-Free, Medium-To-Full Coverage, Satin Matte Finish"
B01E527F2Y,"COVERGIRL - Clean Matte BB Cream, Oil-Free, Long-Lasting, Sensitive Skin, Lightweight, 100% Cruelty-Free"
B01LWXK4KH,"Estée Lauder Double Wear Stay-in-Place Foundation Makeup | Long-Wear Matte Foundation, 1 Fl Oz"
B09QH661VV,"IT Cosmetics CC+ Nude Glow - Medium Coverage Foundation with SPF 40 & Brightening Glow Serum, Lightweight Skin Tint, 2% Niacinamide + Hyaluronic Acid, Up to 24H Hydration, Normal/Dry Skin - 1.08 fl oz"
B0BRBL8Y6S,No7 Lift & Luminate Triple Action Serum Concealer - Light - Anti Aging Liquid Concealer Makeup for Blemishes & Dark Circles - Medium to Full Coverage Concealer for Face (8ml)
B0DW47T71F,"TIRTIR Mask Fit Ai Filter Cushion Foundation | AI-Like Semi-Matte Finish - Up to 72-Hour Medium to Full Coverage Korean BB Cushion Make up Beauty, #23N Sand, 0.63 Fl Oz"
B07CKMCS7D,"No7 Lift & Luminate Triple Action Serum Foundation - Liquid Makeup with SPF 15 for a Dewy, Glowy Base - Radiant Formula for Mature Skin - Cool Ivory (1 Fl Oz)"
B00PFCTSLU,"L'Oreal Paris Cosmetics Makeup Infallible Pro-Matte Liquid Longwear Foundation, Shell Beige, 1 fl oz."
B007RZ1KTQ,"bareMinerals Original Matte Loose Powder Foundation SPF 15, Clean Mineral Powder Face Makeup, Sheer-to-Full Coverage, Reduces Shine, Dermatologist-Tested, Skin-improving Makeup For Sensitive Skin"
B0G651K9S5,"Hush Glow™ Foundation Cushion SPF 30 – Skincare-Infused Lightweight Foundation with Mushroom Applicator for Mature Skin, Hyaluronic Acid & Peptides, Buildable Natural Coverage, Non-Cakey Finish-Warm"
B01HOI5DSY,"Neutrogena Hydro Boost Hydrating Tint with Hyaluronic Acid, Lightweight Water Gel Formula, Moisturizing, Oil-Free & Non-Comedogenic Liquid Foundation Makeup, 20 Natural Ivory, 1.0 fl. oz"
B000IJLQOW,"Revlon Liquid Foundation, ColorStay Face Makeup for Normal & Dry Skin, SPF 20, Longwear Medium-Full Coverage with Natural Finish, 150 Buff, 1 Fl Oz"
B0BXQVMR6M,"The Original Makeup Eraser, 7-Day Set, Erase All Makeup with Just Water, Including Waterproof Mascara, Eyeliner, Foundation, Lipstick, Sunscreen, and More! 7ct"
B0BRBM3L8Z,"No7 HydraLuminous Skin Tint Perfector - Aqua Release Tinted Moisturizer with a Hydrating, Lightweight Formula - Sheer to Light Coverage Face Makeup - Light (1 Fl Oz)"
B00V7OG32C,"IT Cosmetics CC+ Cream - Natural Full Coverage Foundation With SPF 50+, Color Corrector & Anti-Aging Hydrating Serum, Hyaluronic Acid + Peptides, Lightweight Up To 24H Wear, All Skin Types"
B0F7527WZF,"Urban Decay All Nighter Glow Waterproof Makeup Setting Spray - Up to 24HR Wear, Glass-Skin Finish, Ultra-Fine Facial Mist, Dewy Foundation Face Primer, Transfer-Resistant, For All Skin Types"
B0GD7VVYF5,"Natural Glow - Ideal for Light/Medium Complexions,Luvie Glow Foundation, Mushroom Head Air Cushion CC Cream - BB Cream Foundation for Older Women(Natural)"
B0FX88S85Q,"Cover Glow Perfect Cushion Foundation – Natural Radiant Finish, Medium-to-High Buildable Coverage, Hydrating Peptide Complex, Lightweight for Dry & Combination Skin,#02 Ivory"
B0155N7L7Q,wet n wild Photo Focus Matte Face Primer - Partners in Prime
1638380112,SCP Foundation Artbook | Paperback Edition | Black Journal
B09KC1F4V7,"PURITO Cica Clearing BB Cream #13 Neutral Ivory 1 fl.oz / 30ml, Vegan bb cream, foundation, cruelty free"
B0DW147V1S,Jones Road What The Foundation - Tinted Moisture Balm - Light + Complimentary Korean Face Sheet Masque
B01DPA6T38,"L'Oreal Paris Makeup Infallible Up to 24HR Pro-Glow Foundation, Sun Beige, 1 fl oz."
B0CXT6134L,Mary Kay Foundation Primer Sun Screen Broad Spectrum spf 15 by Mary Kay
B07H23TVKZ,"Well People Bio Powder Foundation, Lightweight & Hydrating Foundation For Perfecting & Smoothing Skin, Semi-Matte Finish, Vegan & Cruelty-free, 4N"
B0GHSCM4VZ,"Ideal for Light/Medium Complexions-Hush Makeup Foundation, Mushroom Head Air Cushion CC Cream - BB Cream Foundation for Older Women (Natural color)"
B0CKLYDZV4,"Almay Hydrating Liquid Foundation Tint, Lightweight with Light Coverage, Naturally Dewy Finish, Hypoallergenic, Dermatologist TestedFragrance Free, 110 Buff, 0.94 fl oz."
B0DFYP7G3F,"Ogee Complexion Perfecting Liquid Foundation - Lightweight Tinted Moisturizer For Face (Linden 1.25N - Light Beige, Neutral Undertone) - with Vitamin C & Jojoba Oil - Certified Organic & Made in USA"
B00EC9P85C,"Max Factor Panstik Foundation, No.13 Nouveau Beige"
B003FBMHNO,"COVERGIRL Clean Makeup Foundation Normal Skin Ivory 105, 1 oz (packaging may vary)"
B0DG2P9XDJ,"TIRTIR Mask Fit Aura Silver Cushion Foundation | Semi-glow Finish, Natural Coverage, Moisturizing, Lightweight, Korean cushion foundation (#21W Natural Ivory, Full Size, 0.63 Fl Oz)"
B08LD3PH6V,"tarte maracuja tinted moisturizer – Lightweight Sheer Foundation with Buildable Longwear Coverage, Hyaluronic Acid, Turmeric, Aloe for Hydrated Skin, Vegan & Cruelty Free"
B005X70QLS,Foundation and Earth
B01N6Q976A,"wet n wild Photo Focus Matte Liquid Foundation Desert Beige, Vegan & Cruelty-Free"
B0G915B7VC,"Blanc Cover Cream Stick V - Color Changing Foundation Stick with Volufiline - Hydrating Concealer Base Makeup, Dual-Ended with Built-in Brush, Portable for Daily Use (Natural)"
B0DDL2MCFX,"2PCS TLM Colour Changing Foundation - Flawless Coverage, Lightweight Formula, Adapts to Skin Tone, Hides Wrinkles & Lines, Hydrating & Long-Lasting, BB Cream Makeup Base Concealer Cover"
B0B25N49WL,WOKE UP LIKE THIS FLAWLESS Gel BASE FOUNDATION - 30 ML (35)
B003IF384Y,Second Foundation
B0GQT12YQ8,"Color Changing Foundation for Mature Skin, 2026 New Magic Skin Changing Foundation Mature Skin Makeup CC Concealer, Upgrade All Day Flawless Warm Skin Tone BB Cream (Casual)"
B07D2ZHSLK,"CLE Cosmetics CCC Cream (Warm Light 103 / SPF 50) - Color Correcting With Sunscreen - Lightweight, Hydrating Foundation - BB & CC Hybrid - Light to Medium Coverage - 1 fl oz"
B0FPQW5NH8,"Wonderskin Hyper Bond All-Day Stay Serum Foundation – Waterproof, Transfer-Proof, 24HR Longwear Face Makeup with Niacinamide & Hyaluronic Acid – Lightweight, Natural Finish (Moonstone)"
B0BLXP964Y,SHEGLAM Hydrating Cream Full Coverage Foundation Balm Long Lasting Concealer Face Foundation for Dry Skin - Shell
B0BNPZ6N2Y,"IS'MINE White Liquid Foundation Makeup, Matte Flawless Finish Foundation, Vegan & Cruelty-Free (1.05 Fl Oz, 041)"
B09KZ8SNS6,"Foundation 3-Book Bundle: Foundation, Foundation and Empire, Second Foundation"
B0CB351W7Y,"KIMUSE Baked Foundation - Brighten Color Correcting Powder Foundation for Mature Skin, Buildable Coverage, Radiant Natural Finish"
B0DPW8LLR5,"Foundation 4 in 1 - Medium Spectrum with SPF 50+, Anti-Aging, Concealer, Sun Protection, Hydrating Color Changing Foundation Makeup Liquid - Longwearing & Waterproof for Sport, Dancing (Gym, 30ml)"
B0FGFDND3L,"Charlotte Tilbury Unreal Skin Tint & Sheer Glow Hydrating Foundation Stick - Cream Foundation Makeup with Sheer-to-Light Coverage & a Buildable Formula - Blurring, Smoothing & Nourishing"
B0C3HDNS28,"KYDA AirBrush Foundation Spray with SPF 35, Silky Foundation Mist Makeup, Flawless Coverage for Smooth Creamy Nude Finish, Breathable Blendable Lasting Formula-#220 Natural Beige"
B0G6YZVPXG,"Cushion Foundation, 2026 New Mushroom Head Air Cushion Cc Cream Foundation, Bb Cream Foundations, Makeup Foundation for Older Women, Long-Lasting and Evens for Light/Medium Complexions(Natural color)"
B0FL2SXRJN,"Foundation Stick - Skin Tint & Contour Stick, Serum-Boosted Beauty Balm, Buildable Coverage, Natural Finish, Long-Lasting Wear, For Many Skin Tones (03#)"
B0CG67918Y,"Color Correcting CC Cream with SPF 25, Coverage Lightweight Foundation, Hydrating Serum, Even Skin Tone Makeup and Skin Care, Boost Radiance, Refine Skin Texture, Avoid Sun Damage (LightLight, 1PCS)"
B07S3RB5HP,"2 Pack PHOERA Foundation 104 Buff Beige Makeup,Full Coverage Foundation for Women and Girls"
B09SRF41RK,"Clinique Even Better Clinical Serum Full Coverage Hydrating Foundation Broad Spectrum SPF 25 With Vitamin C, Salicylic Acid + Hyaluronic Acid For Oily Skin Types"
B00TR7CTN8,Clinique Beyond Perfecting Lightweight Liquid Foundation + Concealer For Dry Combination to Oily Skin Types | Full Coverage + Natural Matte Finish
B0F18W7PNM,"Mushroom Head Air Cushion CC Cream - BB Cream Face Makeup Foundation for Mature Skin Moisturizing Concealer Brighten Long-Lasting, Even Skin Tone for All Skin Types (Buff Beige)"
B000R8YZQA,"Glo Skin Beauty Pressed Base Powder Foundation, Honey Medium – Buildable Sheer to Full Coverage, Long Wear Face Powder Compact, Pressed Powder Makeup for Smooth, Semi-Matte Finish"
B07SGCPGP3,"KOSIMI 30ml TLM Color Changing Foundation Liquid Base Makeup Change To Your Skin Tone By Just Blending, white"
B0DZWT8MR7,"Leg Makeup Waterproof No Transfer,Leg and Body Scar Cover up,Tattoo Cover Up Makeup Waterproof,Long Last Body Foundation (2# Medium Golw, 4 FL OZ)"
B08LR5VFP1,"2PCS Flawless Colour Changing Warm Skin Tone Foundation, Naturally Blends Moisturizing foundation makeup, Long Lasting Waterproof Lightweight Liquid Foundation SPF 15 for Face Makeup"
B01DPA6JPG,"L'Oreal Paris Makeup Infallible Up to 24HR Pro-Glow Foundation, Buff Beige, 1 fl oz."
B0BDP9RPMZ,"NYX PROFESSIONAL MAKEUP Bare With Me Blur Skin Tint Foundation Make Up with Matcha, Glycerin & Niacinamide - Light Neutral"
B007HYQET8,"MAC Studio Fix Powder Plus Foundation, NW25, 0.52 Ounce (Pack of 1) (RW-US-MAC-4)"
B0042CKBMO,"MAC Studio Fix Powder Plus Foundation for Women, NC40, 0.52 Ounce"
B0GQ282TR9,"Hush makeup foundation -glow makeup foundation for older women – Korean Warm Tone CC Mushroom Air glow Foundation, Full Coverage Long-Lasting BB Cream cushion foundation, Natural Radiant Finish"
B0GTY1QLXN,"Tryskintle 2 in 1 Color-Changing Foundation Stick with Brush, Medium to Full Coverage Makeup, SPF30, Lightweight, Lasts 12 Hours, Adapts to Skin Tone (Natural)"
B0CZ7HQ1XQ,"All In One Makeup Kit, Travel Makeup Kit, Makeup Gift Set, Makeup Kit for Women Full Kit, Makeup Bundle Includes Foundation Eyeshadow Palette Lipstick Eyeliner Mascara Contour Stick Cosmetic Brush Set"
B0CDPH34DG,Hydrating CC Cream Foundation with Centella Asiatica Multi-Purpose Pre-makeup Primer Moisturizing Facial Concealer Sunscreen Full-Coverage CC Cream with SPF 25 (02)
B0CPPSYG9N,"AKARY Hydrating Men BB Cream SPF 15 PA++, Full-Coverage Foundation&Concealer, Mens Face Moisturizer Cream Evens Skin Tone, Oil Control and Cover Flaws, Natural Finish for All Skin Types, Natural 240"
B09MMNW6D3,"tarte Amazonian clay 16-hour full coverage foundation – Matte Finish Foundation with Amazonian Clay & Vitamin E for Hydration & Smooth Looking Skin, Vegan & Cruelty Free"
B0FDL7448W,"Prime Prometics PrimeSkin CC+ Cream for Mature Women – Lightweight Liquid-to-Powder Foundation – Blurs Pores & Covers Age Spots – Crease-Free, Hydrating & Soft-Matte Finish for Sensitive Skin (Medium)"
B0FCD6ZVNP,"4 in 1 Color Changing Foundation with SPF 50 - Moisturizing Medium-Full Coverage Concealer, Medium Spectrum Foundation Cream, Long-Lasting Lightweight Makeup Liquid, Natural Look Cosmetics"
B08C9KDD9P,2pcs TLM Color Changing Foundation Liquid with 2 Brushes and 2 Cosmetics Sponge Flawless Full Coverage Natural Color Face Primer Base Makeup 30ml
B08H45NVY7,"Maybelline Super Stay Full Coverage Liquid Foundation Active Wear Makeup, Up to 30Hr Wear, Transfer, Sweat & Water Resistant, Matte Finish, Medium Beige, 1 Count"
B09HSPNX49,"Almay Clear Complexion Acne Foundation Makeup with Salicylic Acid, Medium Coverage, Soft Matte Finish, Hypoallergenic, Cruelty- & Fragrance-Free, Dermatologist Tested, 200 Buff, 1 fl oz"
B08KH347FJ,"Jerome Alexander MagicMinerals AirBrush Foundation, Spray Makeup with Skincare Active Ingredients, Ultra-Light, Buildable, Full Coverage Formula (Light Medium)"
B08R43V9N3,Clinique Superbalanced Oil Free Liquid Foundation Makeup For Dry to Oily Skin Types | Hydrating + Moisturizing | Moderate Coverage + Natural Finish
B0DLKGM316,"Foundation 4 in 1 - Medium Spectrum with SPF 50+ Inspired, Hydrating Color Changing Foundation Makeup Liquid - Longwearing & Waterproof for Sport, Dancing (Natural Color)"
B0F6XB9GGB,"TIRTIR Mask Fit Red FoundationㅣLong Lasting Flawless Coverage, Energy Essence, Lightweight, Hydrating, Pore-Blurring, Breathable Satin Finish, Makeup, Radiant Skin, #23N Sand, 1.01 Fl Oz"
B00HDLXWRC,"IT Cosmetics Celebration Foundation Illumination - Full-Coverage, Anti-Aging Powder Foundation - Blurs Pores, Wrinkles & Imperfections - 0.3 oz"
B0FT28XK4D,"CLIO Kill Cover Mesh Glow Essential Cushion Foundation, Buildable Ultra-Fit Coverage with Glow Finish, Long-Lasting Hydration, Flawless Natural Cover for Radiant Skin, Korean Foundation (23N GINGER)"
B0FM3KTFPR,"Velvet Matte Cushion Foundation Blue #02 Ivory| Full Coverage,12H Oil Control,Ideal for Oily & Combination Skin,Waterproof,Long-Lasting, Lightweight, Hydrating,Transfer-Proof"
B07CJ4VDLL,"COVERGIRL TruBlend Matte Made Liquid Foundation, Classic Ivory, 1 Fl Oz (Pack of 1)"
B0DWLX71BM,"Naked Sundays BeautyScreen Peptide Foundation Tint - SPF 50 Tinted Sunscreen & Skincare Makeup with Zinc Oxide, Niacinamide - Lightweight Natural Coverage, 2.5 Light Neutral, 1.01 oz"
B005WWTDHC,Foundation's Edge
B084VD9X8S,"Estée Lauder Futurist Hydra Rescue Moisturizing Foundation Makeup SPF 45 for a 12-Hour Glow, 1.2 Fl Oz"
B0BRBL4R27,"No7 Restore & Renew Multi Action Serum Foundation - Warm Beige - Liquid Foundation Makeup with Vitamin C, Vitamin E & Collagen for Face - Beauty Skin Serum Formula with Medium Coverage (30ml)"
B0FN7ZL4KV,"Foundation Stick,2 in 1 Dual-Ended Long-Lasting & Waterproof Concealer Korean Foundation Contour Sticks,Contouring Foundation with Brush,Full Coverage Matte Finish for Face Makeup(02NATURAL)"
B0GPTFQ8H1,"Korean Color Changing Foundation Stick 2-in-1 Waterproof & Long-Lasting Hydrating Makeup,with Brush for Lumine Skin, Dual-Ended Foundation -Concealer Stick, Portable for Easy Daily Use and Travel"
B0017MWW56,"Dermablend Cover Crème Full Coverage Foundation Makeup, Hydrating Cream Concealer for Dark Circles and Blemishes, Maximum Coverage with Mineral Sunscreen SPF 30, 1 OZ"
B0DRGZSLSC,"Vima Color Changing Foundation with Sunscreen – Fragrance-free - Paraben-Free and Vegan Makeup – Lightweight, Long-Lasting Coverage – 1 fl oz"
B09HLB8MZP,"L'Oreal Paris Age Perfect 4-in-1 Tinted Face Balm Foundation with Firming Serum, Medium 10, 0.61 Ounce"
B07Z5LB7K8,Mary Kay TimeWise Luminous 3D Foundation 1 Fl oz. / 30 ml - Beige N 150
B01N8QGSAH,"Ruby Kisses Flawless Finish with 3D Contour Cream Makeup Palette – Lightweight, Multi-Palette, Contouring Foundation, Creamy, Sculpt &Highlighting, Define Cheekbones (Dark Medium)"
B0FD3TWVRV,The Complete Isaac Asimov Foundation Series (Books 1–7) – Includes all Foundation Series Books - {Mass Market Paperback}
B0FX2CDMWL,"Ultrablend 4 In 1 Foundation, 2025 New Upgrade Match Skin Color Changed Foundation Liquid With Spf 50,Glowing Hydrating, Waterproof for Makeup"
B002LA021Y,"Mineral Fusion Pressed Powder Foundation - Matte Finish Face Powder for Fair-Medium Skin with Pink/Red Undertones - Age Defying Natural Makeup - Talc Free, Vegan, Hypoallergenic (Cool 2)"
B00AXRD8BS,"Physicians Formula Super BB Cream. All in 1 Tinted Beauty Balm Foundation Cream, Sheer Moisturizing Coverage, Cruelty Free Light/Medium"
B002BWRQD4,"jane iredale PurePressed Base Mineral Foundation Refill or Refillable Compact Set| Semi Matte Pressed Powder with SPF | Talc Free, Vegan, Cruelty-Free"
B0D3JDDN4K,"e.l.f. Soft Glam Foundation, Medium Coverage, Long-Lasting & Buildable Foundation For A Smooth, Satin Finish, Vegan & Cruelty-Free, 13 Fair Neutral"
